TEAM,YEAR,Total Payroll,Payroll (adj),Win %,,TEAM,YEAR,Total Payroll,Payroll (adj),Win %
LAD,2015,,2.350,0.568,, BUF,2014,"$147,684,870 ",1.118,0.563
NYY,2015,,1.720,0.537,, MIA,2014,"$142,455,998 ",1.079,0.500
BOS,2015,,1.430,0.481,, TB,2014,"$137,116,892 ",1.038,0.125
SF,2015,,1.410,0.519,, DEN,2014,"$135,893,026 ",1.029,0.750
WSH,2015,,1.290,0.512,, CLE,2014,"$135,401,214 ",1.025,0.438
DET,2015,,1.260,0.460,, PHI,2014,"$134,781,802 ",1.021,0.625
TEX,2015,,1.160,0.543,, NE,2014,"$134,321,836 ",1.017,0.750
LAA,2015,,1.120,0.525,, SD,2014,"$134,236,725 ",1.017,0.563
PHI,2015,,1.100,0.389,, GB,2014,"$134,037,242 ",1.015,0.750
TOR,2015,,1.080,0.574,, CAR,2014,"$133,399,424 ",1.010,0.469
CHC,2015,,1.040,0.599,, ARI,2014,"$133,228,945 ",1.009,0.688
STL,2015,,1.030,0.617,, ATL,2014,"$133,009,495 ",1.007,0.375
KC,2015,,0.980,0.586,, KC,2014,"$132,717,955 ",1.005,0.563
SEA,2015,,0.980,0.469,, WAS,2014,"$132,411,712 ",1.003,0.250
CWS,2015,,0.930,0.469,, DET,2014,"$132,391,775 ",1.003,0.688
BAL,2015,,0.910,0.500,, HOU,2014,"$132,043,412 ",1.000,0.563
NYM,2015,,0.900,0.556,, PIT,2014,"$131,947,647 ",0.999,0.688
CIN,2015,,0.880,0.395,, NYG,2014,"$131,935,198 ",0.999,0.375
ATL,2015,,0.860,0.414,, NO,2014,"$131,772,234 ",0.998,0.438
SD,2015,,0.840,0.457,, CIN,2014,"$131,642,102 ",0.997,0.656
MIN,2015,,0.830,0.512,, SF,2014,"$131,507,823 ",0.996,0.500
COL,2015,,0.790,0.420,, CHI,2014,"$131,432,644 ",0.995,0.313
PIT,2015,,0.770,0.605,, STL,2014,"$131,027,131 ",0.992,0.375
MIL,2015,,0.730,0.420,, SEA,2014,"$130,443,458 ",0.988,0.750
HOU,2015,,0.630,0.531,, DAL,2014,"$130,227,376 ",0.986,0.750
OAK,2015,,0.630,0.420,, MIN,2014,"$130,020,129 ",0.985,0.438
CLE,2015,,0.600,0.503,, JAX,2014,"$129,184,374 ",0.978,0.188
ARI,2015,,0.600,0.488,, TEN,2014,"$127,601,550 ",0.966,0.125
TB,2015,,0.570,0.494,, BAL,2014,"$124,870,620 ",0.946,0.625
MIA,2015,,0.570,0.438,, OAK,2014,"$124,442,456 ",0.942,0.188
 LAD,2016,"266,745,494",1.990,0.562,, IND,2014,"$123,726,021 ",0.937,0.688
 NYY,2016,"$220,743,376 ",1.647,0.519,, NYJ,2014,"$118,345,094 ",0.896,0.250
 BOS,2016,"$207,758,836 ",1.550,0.574,, NYJ,2015,"$153,010,332 ",1.085,0.625
 DET,2016,"$200,179,285 ",1.493,0.534,, PHI,2015,"$150,325,196 ",1.066,0.438
 CHC,2016,"$186,772,494 ",1.393,0.640,, SEA,2015,"$147,364,599 ",1.045,0.625
 SF,2016,"$178,834,344 ",1.334,0.537,, MIN,2015,"$147,022,479 ",1.042,0.688
 LAA,2016,"$174,290,373 ",1.300,0.457,, CAR,2015,"$145,230,447 ",1.030,0.938
 TEX,2016,"$161,021,690 ",1.201,0.586,, DEN,2015,"$145,098,899 ",1.029,0.750
 BAL,2016,"$154,148,832 ",1.150,0.549,, MIA,2015,"$144,878,936 ",1.027,0.375
 STL,2016,"$149,355,870 ",1.114,0.531,, ARI,2015,"$144,707,976 ",1.026,0.813
 TOR,2016,"$148,385,479 ",1.107,0.549,, CIN,2015,"$143,913,511 ",1.020,0.750
 NYM,2016,"$147,236,560 ",1.098,0.537,, IND,2015,"$143,402,177 ",1.017,0.500
 SEA,2016,"$147,003,780 ",1.097,0.531,, DET,2015,"$143,215,794 ",1.015,0.438
 KC,2016,"$141,587,358 ",1.056,0.500,, NO,2015,"$143,214,027 ",1.015,0.438
 WSH,2016,"$139,583,852 ",1.041,0.586,, HOU,2015,"$142,403,116 ",1.010,0.563
 CHW,2016,"$129,715,686 ",0.968,0.481,, GB,2015,"$141,856,037 ",1.006,0.625
 COL,2016,"$107,902,280 ",0.805,0.463,, CHI,2015,"$141,512,728 ",1.003,0.375
 CLE,2016,"$105,971,268 ",0.791,0.584,, KC,2015,"$141,444,281 ",1.003,0.688
 PHI,2016,"$103,898,809 ",0.775,0.438,, NE,2015,"$141,316,422 ",1.002,0.750
 HOU,2016,"$99,828,742 ",0.745,0.519,, BAL,2015,"$141,217,050 ",1.001,0.313
 PIT,2016,"$99,518,136 ",0.742,0.484,, SD,2015,"$140,814,655 ",0.998,0.250
 ARI,2016,"$97,874,482 ",0.730,0.426,, STL,2015,"$140,686,890 ",0.997,0.438
 MIN,2016,"$97,244,457 ",0.725,0.364,, WAS,2015,"$139,789,532 ",0.991,0.563
 ATL,2016,"$95,839,382 ",0.715,0.422,, CLE,2015,"$139,647,560 ",0.990,0.188
 CIN,2016,"$88,626,437 ",0.661,0.420,, PIT,2015,"$138,860,441 ",0.984,0.625
 SD,2016,"$83,435,559 ",0.622,0.420,, BUF,2015,"$138,342,172 ",0.981,0.500
 OAK,2016,"$83,109,288 ",0.620,0.426,, DAL,2015,"$137,816,498 ",0.977,0.250
 MIA,2016,"$77,715,306 ",0.580,0.491,, OAK,2015,"$137,071,838 ",0.972,0.438
 TB,2016,"$63,908,549 ",0.477,0.420,, SF,2015,"$136,740,459 ",0.969,0.313
 MIL,2016,"$63,161,191 ",0.471,0.451,, ATL,2015,"$136,236,065 ",0.966,0.500
 LAD,2017,"$259,302,593 ",1.841,0.642,, JAX,2015,"$136,130,404 ",0.965,0.313
 BOS,2017,"$209,872,508 ",1.490,0.574,, TB,2015,"$133,567,282 ",0.947,0.375
 NYY,2017,"$209,044,502 ",1.484,0.562,, TEN,2015,"$128,662,671 ",0.912,0.188
 SF,2017,"$189,806,809 ",1.347,0.395,, NYG,2015,"$128,321,422 ",0.910,0.375
 DET,2017,"$188,828,874 ",1.340,0.395,, OAK,2016,"$164,335,096 ",1.090,0.750
 WSH,2017,"$182,238,854 ",1.294,0.599,, NYJ,2016,"$158,083,299 ",1.049,0.313
 TOR,2017,"$175,617,487 ",1.247,0.469,, MIN,2016,"$157,201,886 ",1.043,0.500
 BAL,2017,"$175,254,785 ",1.244,0.463,, CIN,2016,"$156,396,246 ",1.038,0.406
 CHC,2017,"$172,092,536 ",1.222,0.568,, ARI,2016,"$155,855,865 ",1.034,0.469
 LAA,2017,"$166,161,209 ",1.179,0.494,, TB,2016,"$155,725,098 ",1.033,0.563
 TEX,2017,"$163,450,840 ",1.160,0.481,, SD,2016,"$155,470,367 ",1.031,0.313
 SEA,2017,"$160,797,330 ",1.141,0.481,, NYG,2016,"$154,901,229 ",1.028,0.688
 KC,2017,"$148,227,822 ",1.052,0.494,, GB,2016,"$154,207,025 ",1.023,0.625
 STL,2017,"$146,256,085 ",1.038,0.512,, ATL,2016,"$153,820,903 ",1.020,0.688
 NYM,2017,"$143,990,158 ",1.022,0.432,, DAL,2016,"$152,736,923 ",1.013,0.813
 COL,2017,"$139,324,341 ",0.989,0.537,, KC,2016,"$152,511,280 ",1.012,0.750
 HOU,2017,"$138,344,211 ",0.982,0.623,, IND,2016,"$152,482,343 ",1.012,0.500
 CLE,2017,"$132,258,928 ",0.939,0.630,, BUF,2016,"$152,340,574 ",1.011,0.438
 MIN,2017,"$121,048,871 ",0.859,0.525,, HOU,2016,"$152,060,968 ",1.009,0.563
 MIA,2017,"$110,765,599 ",0.786,0.475,, PHI,2016,"$151,957,894 ",1.008,0.438
 ATL,2017,"$106,468,575 ",0.756,0.444,, PIT,2016,"$151,419,973 ",1.005,0.688
 PHI,2017,"$104,020,808 ",0.738,0.407,, MIA,2016,"$151,387,347 ",1.004,0.625
 ARI,2017,"$102,619,475 ",0.728,0.574,, BAL,2016,"$150,959,443 ",1.001,0.500
 PIT,2017,"$100,503,030 ",0.713,0.463,, TEN,2016,"$150,462,723 ",0.998,0.563
 CIN,2017,"$96,436,003 ",0.685,0.420,, JAX,2016,"$150,459,217 ",0.998,0.188
 CHW,2017,"$85,495,238 ",0.607,0.414,, SEA,2016,"$150,301,345 ",0.997,0.656
 TB,2017,"$77,811,205 ",0.552,0.494,, DET,2016,"$149,718,669 ",0.993,0.563
 SD,2017,"$76,921,678 ",0.546,0.438,, LAR,2016,"$149,657,650 ",0.993,0.250
 OAK,2017,"$73,477,080 ",0.522,0.463,, CHI,2016,"$148,323,553 ",0.984,0.188
 MIL,2017,"$69,924,718 ",0.496,0.531,, NE,2016,"$147,674,888 ",0.980,0.875
 BOS,2018,"$227,398,860 ",1.632,0.667,, DEN,2016,"$147,213,128 ",0.977,0.563
 SF,2018,"$205,665,348 ",1.476,0.451,, NO,2016,"$146,288,954 ",0.971,0.438
 LAD,2018,"$199,582,045 ",1.433,0.564,, WAS,2016,"$146,116,126 ",0.969,0.531
 CHC,2018,"$194,259,933 ",1.394,0.583,, CAR,2016,"$139,231,900 ",0.924,0.375
 WSH,2018,"$181,382,609 ",1.302,0.506,, SF,2016,"$134,002,183 ",0.889,0.125
 NYY,2018,"$180,098,151 ",1.293,0.617,, CLE,2016,"$130,222,141 ",0.864,0.063
 LAA,2018,"$173,717,599 ",1.247,0.494,, CAR,2017,"$175,448,311 ",1.081,0.688
 HOU,2018,"$163,706,636 ",1.175,0.636,, WAS,2017,"$174,807,970 ",1.077,0.438
 STL,2018,"$163,534,311 ",1.174,0.543,, PHI,2017,"$172,566,936 ",1.064,0.813
 SEA,2018,"$160,993,827 ",1.156,0.549,, MIA,2017,"$171,947,683 ",1.060,0.375
 TOR,2018,"$150,946,147 ",1.084,0.451,, JAX,2017,"$171,292,956 ",1.056,0.625
 NYM,2018,"$150,187,987 ",1.078,0.475,, ARI,2017,"$169,351,526 ",1.044,0.500
 COL,2018,"$143,968,544 ",1.033,0.558,, GB,2017,"$168,491,403 ",1.038,0.438
 CLE,2018,"$142,604,703 ",1.024,0.562,, KC,2017,"$167,778,858 ",1.034,0.625
 ARI,2018,"$141,724,597 ",1.017,0.503,, CHI,2017,"$167,722,301 ",1.034,0.313
 TEX,2018,"$140,625,018 ",1.009,0.414,, NYG,2017,"$167,429,914 ",1.032,0.188
 DET,2018,"$130,995,349 ",0.940,0.395,, SEA,2017,"$167,367,602 ",1.031,0.563
 ATL,2018,"$130,852,350 ",0.939,0.556,, ATL,2017,"$166,313,787 ",1.025,0.625
 BAL,2018,"$130,413,607 ",0.936,0.290,, OAK,2017,"$164,442,467 ",1.013,0.375
 KC,2018,"$129,944,821 ",0.933,0.358,, NE,2017,"$163,713,427 ",1.009,0.813
 MIN,2018,"$115,538,840 ",0.829,0.481,, PIT,2017,"$163,380,183 ",1.007,0.813
 MIL,2018,"$109,987,885 ",0.790,0.589,, NO,2017,"$161,717,460 ",0.997,0.688
 PHI,2018,"$104,297,471 ",0.749,0.494,, CIN,2017,"$161,691,563 ",0.996,0.438
 SD,2018,"$102,710,815 ",0.737,0.407,, TEN,2017,"$161,252,092 ",0.994,0.563
 CIN,2018,"$100,305,768 ",0.720,0.414,, DET,2017,"$161,081,019 ",0.993,0.563
 MIA,2018,"$91,660,500 ",0.658,0.391,, HOU,2017,"$159,828,404 ",0.985,0.250
 PIT,2018,"$91,025,861 ",0.653,0.512,, DAL,2017,"$159,808,251 ",0.985,0.563
 OAK,2018,"$80,315,288 ",0.577,0.599,, BAL,2017,"$158,870,983 ",0.979,0.563
 CHW,2018,"$71,839,808 ",0.516,0.383,, LAC,2017,"$157,638,663 ",0.972,0.563
 TB,2018,"$68,895,137 ",0.495,0.556,, LAR,2017,"$156,886,564 ",0.967,0.688
 BOS,2019,"$229,166,880 ",1.653,0.519,, CLE,2017,"$156,664,052 ",0.966,0.000
 NYY,2019,"$223,019,037 ",1.608,0.636,, DEN,2017,"$156,404,109 ",0.964,0.313
 CHC,2019,"$221,580,085 ",1.598,0.519,, IND,2017,"$156,274,655 ",0.963,0.250
 LAD,2019,"$207,000,814 ",1.493,0.654,, BUF,2017,"$154,567,897 ",0.953,0.563
 SF,2019,"$178,582,126 ",1.288,0.475,, TB,2017,"$153,756,128 ",0.948,0.313
 STL,2019,"$173,762,164 ",1.253,0.562,, MIN,2017,"$153,553,781 ",0.946,0.813
 WSH,2019,"$172,321,791 ",1.243,0.574,, SF,2017,"$145,364,821 ",0.896,0.375
 HOU,2019,"$167,138,259 ",1.205,0.660,, NYJ,2017,"$144,902,320 ",0.893,0.313
 LAA,2019,"$160,270,385 ",1.156,0.444,, SF,2018,"$199,312,951 ",1.124,0.250
 PHI,2019,"$159,637,244 ",1.151,0.500,, JAX,2018,"$198,533,685 ",1.119,0.313
 COL,2019,"$157,091,013 ",1.133,0.438,, MIN,2018,"$196,608,422 ",1.108,0.531
 TEX,2019,"$148,538,766 ",1.071,0.481,, TB,2018,"$189,900,886 ",1.070,0.313
 NYM,2019,"$146,835,812 ",1.059,0.531,, CAR,2018,"$184,421,777 ",1.040,0.438
 SEA,2019,"$144,388,309 ",1.041,0.420,, TEN,2018,"$182,398,711 ",1.028,0.563
 ATL,2019,"$143,947,963 ",1.038,0.599,, CLE,2018,"$181,948,164 ",1.026,0.469
 MIL,2019,"$136,850,200 ",0.987,0.549,, DEN,2018,"$181,619,996 ",1.024,0.375
 CIN,2019,"$128,691,569 ",0.928,0.463,, CIN,2018,"$180,326,765 ",1.016,0.375
 MIN,2019,"$125,256,003 ",0.903,0.623,, LAR,2018,"$179,876,692 ",1.014,0.813
 ARI,2019,"$119,327,905 ",0.861,0.525,, BUF,2018,"$179,596,576 ",1.012,0.375
 DET,2019,"$114,631,137 ",0.827,0.292,, CHI,2018,"$179,461,788 ",1.012,0.750
 TOR,2019,"$111,371,067 ",0.803,0.414,, OAK,2018,"$178,870,237 ",1.008,0.250
 CLE,2019,"$106,838,693 ",0.770,0.574,, LAC,2018,"$177,286,710 ",0.999,0.750
 KC,2019,"$104,773,003 ",0.756,0.364,, KC,2018,"$176,891,845 ",0.997,0.750
 SD,2019,"$103,699,790 ",0.748,0.432,, NYJ,2018,"$176,796,047 ",0.997,0.250
 OAK,2019,"$98,644,531 ",0.711,0.599,, NO,2018,"$176,019,524 ",0.992,0.813
 CHW,2019,"$91,371,201 ",0.659,0.447,, NE,2018,"$175,832,665 ",0.991,0.688
 MIA,2019,"$75,596,271 ",0.545,0.352,, GB,2018,"$175,766,368 ",0.991,0.406
 BAL,2019,"$73,328,658 ",0.529,0.333,, DET,2018,"$175,496,566 ",0.989,0.375
 PIT,2019,"$72,176,474 ",0.521,0.426,, SEA,2018,"$175,232,879 ",0.988,0.625
 TB,2019,"$64,178,722 ",0.463,0.593,, DAL,2018,"$173,992,050 ",0.981,0.625
 LAD,2021,"$261,320,507 ",1.990,0.654,, ATL,2018,"$173,654,866 ",0.979,0.438
 NYY,2021,"$205,669,863 ",1.567,0.568,, ARI,2018,"$172,915,077 ",0.975,0.188
 NYM,2021,"$201,189,189 ",1.532,0.475,, WAS,2018,"$172,795,336 ",0.974,0.438
 HOU,2021,"$194,222,042 ",1.479,0.586,, HOU,2018,"$172,088,725 ",0.970,0.688
 PHI,2021,"$190,519,366 ",1.451,0.506,, PHI,2018,"$171,556,674 ",0.967,0.563
 BOS,2021,"$187,100,784 ",1.425,0.568,, NYG,2018,"$170,980,782 ",0.964,0.313
 LAA,2021,"$183,849,560 ",1.400,0.475,, BAL,2018,"$170,531,630 ",0.961,0.625
 SD,2021,"$179,767,122 ",1.369,0.488,, MIA,2018,"$170,259,550 ",0.960,0.438
 SF,2021,"$171,890,308 ",1.309,0.660,, PIT,2018,"$161,685,116 ",0.911,0.594
 ATL,2021,"$152,753,755 ",1.164,0.547,, IND,2018,"$144,247,844 ",0.813,0.625
 STL,2021,"$151,469,994 ",1.154,0.556,, SF,2019,"$220,650,341 ",1.176,0.813
 TOR,2021,"$150,140,253 ",1.144,0.562,, CLE,2019,"$212,753,859 ",1.134,0.375
 CHC,2021,"$144,040,237 ",1.097,0.438,, PIT,2019,"$206,404,929 ",1.100,0.500
 WSH,2021,"$144,023,139 ",1.097,0.401,, HOU,2019,"$198,106,556 ",1.056,0.625
 CHW,2021,"$140,926,169 ",1.073,0.574,, TEN,2019,"$197,086,185 ",1.051,0.563
 CIN,2021,"$126,608,690 ",0.964,0.512,, IND,2019,"$196,100,572 ",1.045,0.438
 MIN,2021,"$121,417,939 ",0.925,0.451,, NYG,2019,"$194,612,924 ",1.037,0.250
 COL,2021,"$116,285,650 ",0.886,0.460,, NE,2019,"$192,501,047 ",1.026,0.750
 MIL,2021,"$99,377,415 ",0.757,0.586,, ARI,2019,"$192,019,927 ",1.024,0.344
 TEX,2021,"$95,791,911 ",0.730,0.370,, GB,2019,"$191,756,597 ",1.022,0.813
 ARI,2021,"$91,636,935 ",0.698,0.321,, MIN,2019,"$191,016,955 ",1.018,0.625
 KC,2021,"$91,595,545 ",0.698,0.457,, JAX,2019,"$190,540,169 ",1.016,0.375
 OAK,2021,"$90,400,598 ",0.689,0.531,, BAL,2019,"$190,028,527 ",1.013,0.875
 DET,2021,"$86,348,945 ",0.658,0.475,, NYJ,2019,"$188,464,903 ",1.005,0.438
 SEA,2021,"$83,822,113 ",0.638,0.556,, NO,2019,"$187,888,357 ",1.002,0.813
 TB,2021,"$70,836,327 ",0.540,0.617,, CIN,2019,"$184,954,951 ",0.986,0.125
 MIA,2021,"$58,157,900 ",0.443,0.414,, TB,2019,"$184,939,978 ",0.986,0.438
 PIT,2021,"$54,356,609 ",0.414,0.377,, SEA,2019,"$184,894,364 ",0.986,0.688
 CLE,2021,"$50,670,534 ",0.386,0.494,, ATL,2019,"$184,246,919 ",0.982,0.438
 BAL,2021,"$42,421,870 ",0.323,0.321,, LAC,2019,"$184,097,522 ",0.981,0.313
 NYM,2022,"$266,670,327 ",1.775,0.623,, CAR,2019,"$183,306,165 ",0.977,0.313
 LAD,2022,"$264,996,019 ",1.764,0.685,, CHI,2019,"$182,861,976 ",0.975,0.500
 NYY,2022,"$252,957,200 ",1.684,0.611,, DAL,2019,"$182,367,508 ",0.972,0.500
 PHI,2022,"$244,458,518 ",1.627,0.537,, DEN,2019,"$182,229,585 ",0.971,0.438
 SD,2022,"$224,492,122 ",1.494,0.549,, LAR,2019,"$180,977,365 ",0.965,0.563
 BOS,2022,"$211,808,993 ",1.410,0.481,, WAS,2019,"$180,627,946 ",0.963,0.188
 CHW,2022,"$203,203,922 ",1.353,0.500,, DET,2019,"$176,627,499 ",0.942,0.219
 HOU,2022,"$183,791,796 ",1.223,0.654,, MIA,2019,"$175,757,955 ",0.937,0.313
 ATL,2022,"$179,935,585 ",1.198,0.623,, BUF,2019,"$174,804,987 ",0.932,0.625
 LAA,2022,"$179,877,811 ",1.197,0.451,, OAK,2019,"$173,145,802 ",0.923,0.438
 TOR,2022,"$177,287,681 ",1.180,0.568,, PHI,2019,"$170,362,399 ",0.908,0.563
 SF,2022,"$162,453,046 ",1.081,0.500,, KC,2019,"$166,507,002 ",0.888,0.750
 STL,2022,"$156,428,325 ",1.041,0.574,, NYJ,2021,"$205,736,640 ",1.091,0.235
 CHC,2022,"$151,054,737 ",1.005,0.457,, DAL,2021,"$205,327,031 ",1.089,0.706
 MIN,2022,"$150,363,491 ",1.001,0.481,, CLE,2021,"$202,643,673 ",1.075,0.471
 TEX,2022,"$150,035,993 ",0.999,0.420,, NE,2021,"$200,573,159 ",1.064,0.588
 COL,2022,"$140,072,825 ",0.932,0.420,, DET,2021,"$196,592,545 ",1.043,0.206
 DET,2022,"$136,248,620 ",0.907,0.407,, MIA,2021,"$195,163,942 ",1.035,0.529
 MIL,2022,"$133,086,663 ",0.886,0.531,, SF,2021,"$195,101,014 ",1.035,0.588
 WSH,2022,"$126,782,278 ",0.844,0.340,, WAS,2021,"$193,566,718 ",1.027,0.412
 CIN,2022,"$115,417,321 ",0.768,0.383,, CIN,2021,"$191,286,587 ",1.015,0.588
 SEA,2022,"$113,926,407 ",0.758,0.556,, ARI,2021,"$191,127,625 ",1.014,0.647
 TB,2022,"$98,342,073 ",0.655,0.531,, BUF,2021,"$190,107,479 ",1.008,0.647
 KC,2022,"$92,613,711 ",0.616,0.401,, LV,2021,"$189,930,974 ",1.008,0.588
 MIA,2022,"$88,452,043 ",0.589,0.426,, PHI,2021,"$189,181,452 ",1.004,0.529
 ARI,2022,"$85,966,193 ",0.572,0.457,, CHI,2021,"$188,749,384 ",1.001,0.353
 CLE,2022,"$66,717,694 ",0.444,0.568,, MIN,2021,"$188,620,675 ",1.001,0.471
 PIT,2022,"$56,197,847 ",0.374,0.383,, DEN,2021,"$188,343,846 ",0.999,0.412
 OAK,2022,"$48,443,900 ",0.322,0.370,, IND,2021,"$187,317,746 ",0.994,0.529
 BAL,2022,"$44,888,388 ",0.299,0.512,, HOU,2021,"$186,825,534 ",0.991,0.235
 NYM,2023,"$347,949,991 ",2.096,0.463,, ATL,2021,"$185,499,791 ",0.984,0.412
 NYY,2023,"$278,747,922 ",1.679,0.506,, NO,2021,"$185,310,258 ",0.983,0.529
 SD,2023,"$256,049,558 ",1.543,0.506,, KC,2021,"$185,112,146 ",0.982,0.706
 TEX,2023,"$251,332,754 ",1.514,0.556,, TEN,2021,"$184,416,734 ",0.978,0.706
 PHI,2023,"$245,410,961 ",1.478,0.556,, LAR,2021,"$184,237,455 ",0.977,0.706
 HOU,2023,"$237,107,748 ",1.428,0.556,, LAC,2021,"$183,047,309 ",0.971,0.529
 LAD,2023,"$235,747,111 ",1.420,0.617,, BAL,2021,"$182,781,957 ",0.970,0.471
 LAA,2023,"$230,534,276 ",1.389,0.451,, NYG,2021,"$182,521,051 ",0.968,0.235
 TOR,2023,"$214,916,600 ",1.295,0.549,, CAR,2021,"$181,771,931 ",0.964,0.294
 ATL,2023,"$206,424,932 ",1.244,0.642,, GB,2021,"$181,317,830 ",0.962,0.765
 CHC,2023,"$189,869,996 ",1.144,0.512,, TB,2021,"$181,119,199 ",0.961,0.765
 SF,2023,"$189,413,646 ",1.141,0.488,, JAX,2021,"$180,473,269 ",0.957,0.176
 BOS,2023,"$182,930,664 ",1.102,0.481,, PIT,2021,"$175,907,130 ",0.933,0.559
 COL,2023,"$171,240,555 ",1.032,0.364,, SEA,2021,"$172,703,125 ",0.916,0.412
 CHW,2023,"$162,867,704 ",0.981,0.377,, JAX,2022,"$231,233,180 ",1.112,0.529
 MIN,2023,"$156,104,540 ",0.940,0.537,, PHI,2022,"$219,445,581 ",1.056,0.824
 STL,2023,"$153,793,028 ",0.927,0.438,, SEA,2022,"$215,796,566 ",1.038,0.529
 MIL,2023,"$129,339,624 ",0.779,0.568,, DAL,2022,"$215,338,768 ",1.036,0.706
 SEA,2023,"$127,993,987 ",0.771,0.543,, DET,2022,"$214,423,875 ",1.031,0.529
 DET,2023,"$121,474,919 ",0.732,0.481,, HOU,2022,"$212,666,643 ",1.023,0.206
 ARI,2023,"$119,296,377 ",0.719,0.519,, LAC,2022,"$212,129,671 ",1.020,0.588
 MIA,2023,"$105,435,809 ",0.635,0.519,, GB,2022,"$211,847,657 ",1.019,0.471
 KC,2023,"$96,083,853 ",0.579,0.346,, DEN,2022,"$211,456,385 ",1.017,0.294
 CIN,2023,"$95,731,662 ",0.577,0.506,, PIT,2022,"$210,658,592 ",1.013,0.529
 WSH,2023,"$93,383,875 ",0.563,0.438,, CIN,2022,"$210,200,068 ",1.011,0.750
 CLE,2023,"$92,103,949 ",0.555,0.469,, TEN,2022,"$209,793,874 ",1.009,0.412
 TB,2023,"$79,354,272 ",0.478,0.611,, MIN,2022,"$208,790,359 ",1.004,0.765
 PIT,2023,"$75,734,681 ",0.456,0.469,, MIA,2022,"$208,559,442 ",1.003,0.529
 BAL,2023,"$71,064,917 ",0.428,0.623,, WAS,2022,"$208,068,247 ",1.001,0.500
 OAK,2023,"$62,258,711 ",0.375,0.309,, NE,2022,"$208,004,554 ",1.001,0.471
 NYM,2024,"$322,960,494 ",1.900,0.549,, NO,2022,"$206,828,041 ",0.995,0.412
 NYY,2024,"$315,616,982 ",1.857,0.580,, BUF,2022,"$206,691,460 ",0.994,0.813
 LAD,2024,"$266,640,208 ",1.569,0.605,, SF,2022,"$206,082,457 ",0.991,0.765
 HOU,2024,"$248,670,553 ",1.463,0.547,, IND,2022,"$205,811,217 ",0.990,0.265
 PHI,2024,"$244,253,627 ",1.437,0.586,, KC,2022,"$205,249,141 ",0.987,0.824
 ATL,2024,"$238,108,491 ",1.401,0.549,, ARI,2022,"$204,825,664 ",0.985,0.235
 CHC,2024,"$231,700,554 ",1.363,0.512,, CHI,2022,"$204,696,905 ",0.985,0.176
 TEX,2024,"$227,545,408 ",1.339,0.481,, BAL,2022,"$204,617,520 ",0.984,0.588
 TOR,2024,"$219,180,044 ",1.290,0.457,, NYG,2022,"$203,667,109 ",0.980,0.559
 SF,2024,"$207,092,069 ",1.219,0.494,, TB,2022,"$202,960,773 ",0.976,0.471
 BOS,2024,"$190,176,844 ",1.119,0.500,, NYJ,2022,"$202,470,545 ",0.974,0.412
 STL,2024,"$179,440,274 ",1.056,0.512,, CAR,2022,"$202,249,051 ",0.973,0.412
 ARI,2024,"$178,427,194 ",1.050,0.549,, ATL,2022,"$201,717,487 ",0.970,0.412
 SD,2024,"$172,855,090 ",1.017,0.574,, LAR,2022,"$200,270,156 ",0.963,0.294
 LAA,2024,"$171,986,921 ",1.012,0.389,, LV,2022,"$199,666,719 ",0.960,0.353
 SEA,2024,"$149,346,087 ",0.879,0.525,, CLE,2022,"$186,513,983 ",0.897,0.412
 COL,2024,"$147,506,521 ",0.868,0.377,, CAR,2023,"$232,771,942 ",1.050,0.118
 CHW,2024,"$142,916,866 ",0.841,0.253,, PHI,2023,"$232,187,112 ",1.047,0.647
 MIN,2024,"$131,225,880 ",0.772,0.506,, DEN,2023,"$231,774,113 ",1.046,0.471
 KC,2024,"$125,570,914 ",0.739,0.531,, BUF,2023,"$228,637,476 ",1.031,0.647
 MIL,2024,"$124,643,685 ",0.733,0.574,, CHI,2023,"$227,512,044 ",1.026,0.412
 BAL,2024,"$111,309,008 ",0.655,0.562,, HOU,2023,"$226,978,543 ",1.024,0.588
 WSH,2024,"$107,128,130 ",0.630,0.438,, PIT,2023,"$226,300,540 ",1.021,0.588
 CLE,2024,"$107,113,214 ",0.630,0.571,, MIA,2023,"$223,975,605 ",1.010,0.647
 CIN,2024,"$102,298,823 ",0.602,0.475,, IND,2023,"$223,873,320 ",1.010,0.529
 DET,2024,"$98,607,894 ",0.580,0.531,, TB,2023,"$223,680,759 ",1.009,0.529
 MIA,2024,"$97,569,865 ",0.574,0.383,, LV,2023,"$223,471,769 ",1.008,0.471
 TB,2024,"$89,852,001 ",0.529,0.494,, NYG,2023,"$223,438,031 ",1.008,0.353
 PIT,2024,"$85,405,037 ",0.503,0.469,, DET,2023,"$223,408,752 ",1.008,0.706
 OAK,2024,"$63,503,127 ",0.374,0.426,, ATL,2023,"$222,639,430 ",1.004,0.412
 LAD,2025,"$350,024,106 ",1.982,0.574,, BAL,2023,"$222,562,171 ",1.004,0.765
 NYM,2025,"$342,303,011 ",1.939,0.512,, NYJ,2023,"$222,545,781 ",1.004,0.412
 NYY,2025,"$304,091,683 ",1.722,0.580,, DAL,2023,"$222,101,883 ",1.002,0.706
 PHI,2025,"$292,315,191 ",1.656,0.593,, CLE,2023,"$221,895,525 ",1.001,0.647
 TOR,2025,"$255,230,406 ",1.445,0.580,, NE,2023,"$221,851,422 ",1.001,0.235
 HOU,2025,"$232,140,003 ",1.315,0.537,, TEN,2023,"$221,490,310 ",0.999,0.353
 TEX,2025,"$226,526,491 ",1.283,0.500,, NO,2023,"$220,525,665 ",0.995,0.529
 SD,2025,"$223,125,239 ",1.264,0.556,, WAS,2023,"$219,158,252 ",0.989,0.235
 ATL,2025,"$220,223,651 ",1.247,0.469,, LAC,2023,"$218,514,926 ",0.986,0.294
 CHC,2025,"$214,020,073 ",1.212,0.568,, ARI,2023,"$218,131,324 ",0.984,0.235
 LAA,2025,"$208,420,995 ",1.180,0.444,, GB,2023,"$218,045,716 ",0.984,0.529
 BOS,2025,"$203,658,855 ",1.153,0.549,, JAX,2023,"$217,779,453 ",0.982,0.529
 SF,2025,"$178,562,152 ",1.011,0.500,, KC,2023,"$217,621,452 ",0.982,0.647
 ARI,2025,"$177,424,443 ",1.005,0.494,, LAR,2023,"$217,174,558 ",0.980,0.588
 SEA,2025,"$165,596,493 ",0.938,0.556,, CIN,2023,"$215,841,995 ",0.974,0.529
 BAL,2025,"$158,571,377 ",0.898,0.463,, SEA,2023,"$214,977,978 ",0.970,0.529
 DET,2025,"$157,542,361 ",0.892,0.537,, MIN,2023,"$212,737,877 ",0.960,0.412
 MIL,2025,"$137,618,720 ",0.779,0.599,, SF,2023,"$199,530,464 ",0.900,0.706
 KC,2025,"$133,630,058 ",0.757,0.506,, CAR,2024,"$261,525,112 ",1.047,0.294
 STL,2025,"$131,152,698 ",0.743,0.481,, LAC,2024,"$259,842,566 ",1.041,0.647
 MIN,2025,"$129,650,732 ",0.734,0.432,, CIN,2024,"$259,321,826 ",1.038,0.529
 COL,2025,"$127,325,786 ",0.721,0.265,, NYG,2024,"$258,881,814 ",1.037,0.176
 CIN,2025,"$119,036,486 ",0.674,0.512,, NYJ,2024,"$258,555,103 ",1.035,0.294
 WSH,2025,"$109,465,924 ",0.620,0.407,, ARI,2024,"$257,613,921 ",1.032,0.471
 CLE,2025,"$100,265,946 ",0.568,0.543,, BUF,2024,"$256,067,245 ",1.025,0.765
 TB,2025,"$88,629,788 ",0.502,0.475,, NO,2024,"$255,445,276 ",1.023,0.294
 PIT,2025,"$84,423,338 ",0.478,0.438,, CHI,2024,"$254,719,369 ",1.020,0.294
 CHW,2025,"$79,960,763 ",0.453,0.370,, LAR,2024,"$254,604,834 ",1.020,0.588
 ATH,2025,"$78,384,241 ",0.444,0.469,, HOU,2024,"$253,606,601 ",1.016,0.588
 MIA,2025,"$67,794,627 ",0.384,0.488,, ATL,2024,"$253,560,025 ",1.015,0.471
,,,,,, SEA,2024,"$253,363,041 ",1.015,0.588
,,,,,, MIN,2024,"$252,563,267 ",1.011,0.824
,,,,,, DEN,2024,"$252,139,493 ",1.010,0.588
,,,,,, JAX,2024,"$252,087,967 ",1.009,0.235
,,,,,, BAL,2024,"$251,869,610 ",1.009,0.706
,,,,,, GB,2024,"$251,586,978 ",1.007,0.647
,,,,,, PHI,2024,"$250,867,000 ",1.005,0.824
,,,,,, IND,2024,"$250,316,091 ",1.002,0.471
,,,,,, KC,2024,"$250,025,386 ",1.001,0.882
,,,,,, CLE,2024,"$248,708,856 ",0.996,0.176
,,,,,, PIT,2024,"$247,812,491 ",0.992,0.588
,,,,,, SF,2024,"$246,996,749 ",0.989,0.353
,,,,,, TEN,2024,"$245,174,700 ",0.982,0.176
,,,,,, TB,2024,"$244,479,945 ",0.979,0.588
,,,,,, WAS,2024,"$240,632,456 ",0.964,0.706
,,,,,, DAL,2024,"$240,414,997 ",0.963,0.412
,,,,,, MIA,2024,"$238,318,281 ",0.954,0.471
,,,,,, DET,2024,"$234,434,840 ",0.939,0.882
,,,,,, NE,2024,"$229,603,859 ",0.919,0.235
,,,,,, LV,2024,"$226,100,229 ",0.905,0.235